id,number,pin,balance
1,4E+15,5851,25000
2,4.00001E+15,5864,1000
3,4E+15,613,0
4,4.00001E+15,406,500
5,4.00001E+15,5921,98567
6,4E+15,4680,4500
7,4E+15,3843,22220
8,4.00001E+15,8409,4567
9,4.00001E+15,4434,100
10,4E+15,9700,11111
